  % Total    % Received % Xferd  Average Speed  Time    Time    Time   Current
                                 Dload  Upload  Total   Spent   Left   Speed
  0      0   0      0   0      0      0      0                              0HTTP/2 200 
x-powered-by: Express
vary: Origin
access-control-allow-credentials: true
content-type: application/json; charset=utf-8
content-length: 71521
etag: W/"11761-rvOh6tsFtOXEICzcGs4lAIFyUNE"
date: Sat, 31 Jan 2026 11:16:12 GMT
via: 2 fly.io, 2 fly.io
fly-request-id: 01KG9W90YNFEN1CHCTSVM7YAKP-cdg
server: Fly/c3040578e (2026-01-27)

{"success":true,"data":[{"id":1,"name":"Abbey Gisburne Park MRI Centre","unique_id":"77458558888","about1":"hg","about2":"h","about3":"gh","about4":"gh","about5":"gh","address1":"Gisburn Park Estate","address2":"BMI","postcode":"BB74HX","county":"Lancashire","town":"Clitheroe","mobile":"g","email":"Test@gmail.com","status":"1","created_at":"2023-10-03T04:14:49.000Z","updated_at":"2024-02-27T12:15:41.000Z"},{"id":42,"name":"Addenbrooke's Hospital – Cambridge","unique_id":"HOS38","about1":"","about2":"","about3":"","about4":"","about5":"","address1":"","address2":"Hills Road, Cambridge","postcode":"CB2 0QQ","county":"England","town":"","mobile":"","email":"","status":"1","created_at":"2024-02-27T12:09:22.000Z","updated_at":"2024-02-27T12:15:41.000Z"},{"id":43,"name":"Aldeburgh Cottage Hospital – Aldeburgh, Suffolk","unique_id":"HOS39","about1":"","about2":"","about3":"","about4":"","about5":"","address1":"","address2":"Park Road, Aldeburgh, Suffolk","postcode":"IP15 5ES","county":"England","town":"","mobile":"","email":"","status":"1","created_at":"2024-02-27T12:09:22.000Z","updated_at":"2024-02-27T12:15:41.000Z"},{"id":2,"name":"Antrim Hospital","unique_id":"44 289 442 4000","about1":"United Hospitals H&SS Trust","about2":"45 Bush Road","about3":"ssdsd","about4":"sdsd","about5":"ssds","address1":"Antrim Area Hospital Services Yard","address2":"Test","postcode":"BT412RL","county":"County Antrim","town":"Antrim","mobile":"sdsdsd","email":"sdsd","status":"1","created_at":"2023-10-22T16:02:17.000Z","updated_at":"2024-02-27T12:15:41.000Z"},{"id":8,"name":"Arnold Lodge, Leicester","unique_id":"HOS4","about1":"","about2":"","about3":"","about4":"","about5":"","address1":"","address2":"Leicester General Hospital, Gwendolen Road, Leicester","postcode":"LE5 4PW","county":"England","town":"","mobile":"","email":"","status":"1","created_at":"2024-02-27T12:09:22.000Z","updated_at":"2024-02-27T12:15:41.000Z"},{"id":3,"name":"Ashford & St Peter's MRI","unique_id":"5454","about1":"54","about2":"54","about3":"54","about4":"54","about5":"5","address1":"Guildford Road","address2":"sdsd","postcode":"KT160PZ","county":"Surrey","town":"Chertsey","mobile":"4554","email":"54","status":"1","created_at":"2023-10-22T16:03:01.000Z","updated_at":"2024-02-27T12:15:41.000Z"},{"id":9,"name":"Babington Hospital – Belper, Derbyshire","unique_id":"HOS5","about1":"","about2":"","about3":"","about4":"","about5":"","address1":"","address2":"Derby Road, Belper, Derbyshire","postcode":"DE56 1WH","county":"England","town":"","mobile":"","email":"","status":"1","created_at":"2024-02-27T12:09:22.000Z","updated_at":"2024-02-27T12:15:41.000Z"},{"id":83,"name":"Barnet Hospital – Barnet","unique_id":"HOS79","about1":"","about2":"","about3":"","about4":"","about5":"","address1":"","address2":"Wellhouse Lane, Barnet","postcode":"EN5 3DJ","county":"England","town":"","mobile":"","email":"","status":"1","created_at":"2024-02-27T12:09:22.000Z","updated_at":"2024-02-27T12:15:41.000Z"},{"id":44,"name":"Basildon University Hospital – Basildon, Essex","unique_id":"HOS40","about1":"","about2":"","about3":"","about4":"","about5":"","address1":"","address2":"Nethermayne, Basildon, Essex","postcode":"SS16 5NL","county":"England","town":"","mobile":"","email":"","status":"1","created_at":"2024-02-27T12:09:22.000Z","updated_at":"2024-02-27T12:15:41.000Z"},{"id":10,"name":"Bassetlaw District General Hospital – Worksop","unique_id":"HOS6","about1":"","about2":"","about3":"","about4":"","about5":"","address1":"","address2":"Kilton Hill, Worksop, Nottinghamshire","postcode":"S81 0BD","county":"England","town":"","mobile":"","email":"","status":"1","created_at":"2024-02-27T12:09:22.000Z","updated_at":"2024-02-27T12:15:41.000Z"},{"id":45,"name":"Bedford Hospital – Bedford","unique_id":"HOS41","about1":"","about2":"","about3":"","about4":"","about5":"","address1":"","address2":"South Wing, Kempston Road, Bedford","postcode":"MK42 9DJ","county":"England","town":"","mobile":"","email":"","status":"1","created_at":"2024-02-27T12:09:22.000Z","updated_at":"2024-02-27T12:15:41.000Z"},{"id":11,"name":"Berrywood Hospital, Northampton","unique_id":"HOS7","about1":"","about2":"","about3":"","about4":"","about5":"","address1":"","address2":"Berrywood Drive, Duston, Northampton","postcode":"NN5 6UD","county":"England","town":"","mobile":"","email":"","status":"1","created_at":"2024-02-27T12:09:22.000Z","updated_at":"2024-02-27T12:15:41.000Z"},{"id":46,"name":"Braintree Community Hospital, Braintree, Essex","unique_id":"HOS42","about1":"","about2":"","about3":"","about4":"","about5":"","address1":"","address2":"Chadwick Drive, Braintree, Essex","postcode":"CM7 2AL","county":"England","town":"","mobile":"","email":"","status":"1","created_at":"2024-02-27T12:09:22.000Z","updated_at":"2024-02-27T12:15:41.000Z"},{"id":127,"name":"Brighton General Hospital – Brighton","unique_id":"HOS123","about1":"","about2":"","about3":"","about4":"","about5":"","address1":"","address2":"Elm Grove, Brighton BN2 3EW","postcode":"BN2 3EW","county":"England","town":"","mobile":"","email":"","status":"1","created_at":"2024-02-27T12:09:23.000Z","updated_at":"2024-02-27T12:15:41.000Z"},{"id":47,"name":"Broomfield Hospital – Chelmsford","unique_id":"HOS43","about1":"","about2":"","about3":"","about4":"","about5":"","address1":"","address2":"Court Road, Broomfield, Chelmsford","postcode":"CM1 7ET","county":"England","town":"","mobile":"","email":"","status":"1","created_at":"2024-02-27T12:09:22.000Z","updated_at":"2024-02-27T12:15:41.000Z"},{"id":12,"name":"Buxton Hospital – Buxton, Derbyshire","unique_id":"HOS8","about1":"","about2":"","about3":"","about4":"","about5":"","address1":"","address2":"London Road, Buxton, Derbyshire","postcode":"SK17 9NG","county":"England","town":"","mobile":"","email":"","status":"1","created_at":"2024-02-27T12:09:22.000Z","updated_at":"2024-02-27T12:15:41.000Z"},{"id":13,"name":"Cavendish Hospital – Buxton, Derbyshire","unique_id":"HOS9","about1":"","about2":"","about3":"","about4":"","about5":"","address1":"","address2":"Manchester Road, Buxton, Derbyshire","postcode":"SK17 6TE","county":"England","town":"","mobile":"","email":"","status":"1","created_at":"2024-02-27T12:09:22.000Z","updated_at":"2024-02-27T12:15:41.000Z"},{"id":86,"name":"Chase Farm Hospital – Enfield","unique_id":"HOS82","about1":"","about2":"","about3":"","about4":"","about5":"","address1":"","address2":"The Ridgeway, Enfield, Middlesex","postcode":"EN2 8JL","county":"England","town":"","mobile":"","email":"","status":"1","created_at":"2024-02-27T12:09:22.000Z","updated_at":"2024-02-27T12:15:41.000Z"},{"id":14,"name":"Chesterfield Royal Hospital – Chesterfield","unique_id":"HOS10","about1":"","about2":"","about3":"","about4":"","about5":"","address1":"","address2":"Calow, Chesterfield, Derbyshire","postcode":"S44 5BL","county":"England","town":"","mobile":"","email":"","status":"1","created_at":"2024-02-27T12:09:22.000Z","updated_at":"2024-02-27T12:15:41.000Z"},{"id":103,"name":"Claybury Hospital","unique_id":"HOS99","about1":"","about2":"","about3":"","about4":"","about5":"","address1":"","address2":"Manford Way, Woodford Bridge, Redbridge IG7 0PW","postcode":"IG7 0PW","county":"England","town":"","mobile":"","email":"","status":"1","created_at":"2024-02-27T12:09:23.000Z","updated_at":"2024-02-27T12:15:41.000Z"},{"id":48,"name":"Colchester Hospital – Colchester, Essex","unique_id":"HOS44","about1":"","about2":"","about3":"","about4":"","about5":"","address1":"","address2":"Turner Road, Colchester, Essex","postcode":"CO4 5JL","county":"England","town":"","mobile":"","email":"","status":"1","created_at":"2024-02-27T12:09:22.000Z","updated_at":"2024-02-27T12:15:41.000Z"},{"id":136,"name":"Conquest Hospital – St Leonards-on-Sea","unique_id":"HOS132","about1":"","about2":"","about3":"","about4":"","about5":"","address1":"","address2":"The Ridge, St Leonards-on-Sea TN37 7RD","postcode":"TN37 7RD","county":"England","town":"","mobile":"","email":"","status":"1","created_at":"2024-02-27T12:09:23.000Z","updated_at":"2024-02-27T12:15:41.000Z"},{"id":87,"name":"Coppetts Wood Hospital – Muswell Hill","unique_id":"HOS83","about1":"","about2":"","about3":"","about4":"","about5":"","address1":"","address2":"Coppetts Road, Muswell Hill","postcode":"N10 1JX","county":"England","town":"","mobile":"","email":"","status":"1","created_at":"2024-02-27T12:09:22.000Z","updated_at":"2024-02-27T12:15:41.000Z"},{"id":27,"name":"County Hospital Louth – Louth, Lincolnshire","unique_id":"HOS23","about1":"","about2":"","about3":"","about4":"","about5":"","address1":"","address2":"High Holme Road, Louth, Lincolnshire","postcode":"LN11 0EU","county":"England","town":"","mobile":"","email":"","status":"1","created_at":"2024-02-27T12:09:22.000Z","updated_at":"2024-02-27T12:15:41.000Z"},{"id":128,"name":"Crawley Hospital – Crawley","unique_id":"HOS124","about1":"","about2":"","about3":"","about4":"","about5":"","address1":"","address2":"West Green Drive, Crawley RH11 7DH","postcode":"RH11 7DH","county":"England","town":"","mobile":"","email":"","status":"1","created_at":"2024-02-27T12:09:23.000Z","updated_at":"2024-02-27T12:15:41.000Z"},{"id":49,"name":"Cromer Hospital – Cromer, Norfolk","unique_id":"HOS45","about1":"","about2":"","about3":"","about4":"","about5":"","address1":"","address2":"Mill Road, Cromer, Norfolk","postcode":"NR27 0BQ","county":"England","town":"","mobile":"","email":"","status":"1","created_at":"2024-02-27T12:09:22.000Z","updated_at":"2024-02-27T12:15:41.000Z"},{"id":15,"name":"Derbyshire Children's Hospital – Derby","unique_id":"HOS11","about1":"","about2":"","about3":"","about4":"","about5":"","address1":"","address2":"Uttoxeter Road, Derby","postcode":"DE22 3NE","county":"England","town":"","mobile":"","email":"","status":"1","created_at":"2024-02-27T12:09:22.000Z","updated_at":"2024-02-27T12:15:41.000Z"},{"id":16,"name":"Derbyshire Royal Infirmary, Derby","unique_id":"HOS12","about1":"","about2":"","about3":"","about4":"","about5":"","address1":"","address2":"London Road, Derby","postcode":"DE1 2QY","county":"England","town":"","mobile":"","email":"","status":"1","created_at":"2024-02-27T12:09:22.000Z","updated_at":"2024-02-27T12:15:41.000Z"},{"id":153,"name":"Derriford Hospital – Plymouth","unique_id":"HOS149","about1":"","about2":"","about3":"","about4":"","about5":"","address1":"","address2":"Derriford Road, Plymouth PL6 8DH","postcode":"PL6 8DH","county":"England","town":"","mobile":"","email":"","status":"1","created_at":"2024-02-27T12:09:23.000Z","updated_at":"2024-02-27T12:15:41.000Z"},{"id":148,"name":"Dorset County Hospital – Dorchester","unique_id":"HOS144","about1":"","about2":"","about3":"","about4":"","about5":"","address1":"","address2":"Williams Avenue, Dorchester DT1 2JY","postcode":"DT1 2JY","county":"England","town":"","mobile":"","email":"","status":"1","created_at":"2024-02-27T12:09:23.000Z","updated_at":"2024-02-27T12:15:41.000Z"},{"id":129,"name":"East Surrey Hospital – Redhill, Surrey","unique_id":"HOS125","about1":"","about2":"","about3":"","about4":"","about5":"","address1":"","address2":"Canada Avenue, Redhill, Surrey RH1 5RH","postcode":"RH1 5RH","county":"England","town":"","mobile":"","email":"","status":"1","created_at":"2024-02-27T12:09:23.000Z","updated_at":"2024-02-27T12:15:41.000Z"},{"id":135,"name":"Eastbourne District General Hospital – Eastbourne","unique_id":"HOS131","about1":"","about2":"","about3":"","about4":"","about5":"","address1":"","address2":"Kings Drive, Eastbourne BN21 2UD","postcode":"BN21 2UD","county":"England","town":"","mobile":"","email":"","status":"1","created_at":"2024-02-27T12:09:23.000Z","updated_at":"2024-02-27T12:15:41.000Z"},{"id":84,"name":"Eastman Dental Hospital","unique_id":"HOS80","about1":"","about2":"","about3":"","about4":"","about5":"","address1":"","address2":"256 Gray's Inn Road, London WC1X 8LD","postcode":"WC1X 8LD","county":"England","town":"","mobile":"","email":"","status":"1","created_at":"2024-02-27T12:09:22.000Z","updated_at":"2024-02-27T12:15:41.000Z"},{"id":17,"name":"Florence Nightingale Community Hospital – Derby","unique_id":"HOS13","about1":"","about2":"","about3":"","about4":"","about5":"","address1":"","address2":"London Road, Derby","postcode":"DE1 2QY","county":"England","town":"","mobile":"","email":"","status":"1","created_at":"2024-02-27T12:09:22.000Z","updated_at":"2024-02-27T12:15:41.000Z"},{"id":50,"name":"Fulbourn Hospital, Fulbourn, Cambridgeshire","unique_id":"HOS46","about1":"","about2":"","about3":"","about4":"","about5":"","address1":"","address2":"Fulbourn Old Drift, Fulbourn, Cambridge","postcode":"CB21 5EF","county":"England","town":"","mobile":"","email":"","status":"1","created_at":"2024-02-27T12:09:22.000Z","updated_at":"2024-02-27T12:15:41.000Z"},{"id":18,"name":"Glenfield General Hospital – Glenfield, Leicestershire","unique_id":"HOS14","about1":"","about2":"","about3":"","about4":"","about5":"","address1":"","address2":"Groby Road, Leicester","postcode":"LE3 9QP","county":"England","town":"","mobile":"","email":"","status":"1","created_at":"2024-02-27T12:09:22.000Z","updated_at":"2024-02-27T12:15:41.000Z"},{"id":104,"name":"Goodmayes Hospital","unique_id":"HOS100","about1":"","about2":"","about3":"","about4":"","about5":"","address1":"","address2":"Barley Lane, Goodmayes, Ilford IG3 8XJ","postcode":"IG3 8XJ","county":"England","town":"","mobile":"","email":"","status":"1","created_at":"2024-02-27T12:09:23.000Z","updated_at":"2024-02-27T12:15:41.000Z"},{"id":88,"name":"Gordon Hospital – Pimlico","unique_id":"HOS84","about1":"","about2":"","about3":"","about4":"","about5":"","address1":"","address2":"Bloomburg Street, London SW1V 2RH","postcode":"SW1V 2RH","county":"England","town":"","mobile":"","email":"","status":"1","created_at":"2024-02-27T12:09:22.000Z","updated_at":"2024-02-27T12:15:41.000Z"},{"id":19,"name":"Grantham and District Hospital – Grantham","unique_id":"HOS15","about1":"","about2":"","about3":"","about4":"","about5":"","address1":"","address2":"101 Manthorpe Road, Grantham, Lincolnshire","postcode":"NG31 8DG","county":"England","town":"","mobile":"","email":"","status":"1","created_at":"2024-02-27T12:09:22.000Z","updated_at":"2024-02-27T12:15:41.000Z"},{"id":89,"name":"Great Ormond Street Hospital – Bloomsbury","unique_id":"HOS85","about1":"","about2":"","about3":"","about4":"","about5":"","address1":"","address2":"Great Ormond Street, London WC1N 3JH","postcode":"WC1N 3JH","county":"England","town":"","mobile":"","email":"","status":"1","created_at":"2024-02-27T12:09:22.000Z","updated_at":"2024-02-27T12:15:41.000Z"},{"id":193,"name":"Guy's and St Thomas' NHS Foundation Trust","unique_id":"02071887188","about1":"1","about2":"1","about3":"1","about4":"1","about5":"1","address1":"St Thomas' Hospital","address2":"Westminister Bridge Road","postcode":"SE1 7EH","county":"England","town":"London","mobile":"02071887188","email":"stthomas@nhs.net","status":"1","created_at":"2024-06-12T13:46:11.000Z","updated_at":"2024-06-12T13:46:27.000Z"},{"id":105,"name":"Harold Wood Hospital","unique_id":"HOS101","about1":"","about2":"","about3":"","about4":"","about5":"","address1":"","address2":"Gubbins Lane, Harold Wood, Romford, Havering RM3 0AR","postcode":"RM3 0AR","county":"England","town":"","mobile":"","email":"","status":"1","created_at":"2024-02-27T12:09:23.000Z","updated_at":"2024-02-27T12:15:41.000Z"},{"id":51,"name":"Hellesdon Hospital – Norwich, Norfolk","unique_id":"HOS47","about1":"","about2":"","about3":"","about4":"","about5":"","address1":"","address2":"Drayton High Road, Norwich","postcode":"NR6 5BE","county":"England","town":"","mobile":"","email":"","status":"1","created_at":"2024-02-27T12:09:22.000Z","updated_at":"2024-02-27T12:15:41.000Z"},{"id":52,"name":"Hemel Hempstead Hospital – Hemel Hempstead, Hertfordshire","unique_id":"HOS48","about1":"","about2":"","about3":"","about4":"","about5":"","address1":"","address2":"Hillfield Road, Hemel Hempstead, Hertfordshire","postcode":"HP2 4AD","county":"England","town":"","mobile":"","email":"","status":"1","created_at":"2024-02-27T12:09:22.000Z","updated_at":"2024-02-27T12:15:41.000Z"},{"id":54,"name":"Hertford County Hospital, Hertfordshire","unique_id":"HOS50","about1":"","about2":"","about3":"","about4":"","about5":"","address1":"","address2":"North Road, Hertford, Hertfordshire","postcode":"SG14 1LP","county":"England","town":"","mobile":"","email":"","status":"1","created_at":"2024-02-27T12:09:22.000Z","updated_at":"2024-02-27T12:15:41.000Z"},{"id":53,"name":"Herts and Essex Hospital – Bishop's Stortford, Hertfordshire – community hospital","unique_id":"HOS49","about1":"","about2":"","about3":"","about4":"","about5":"","address1":"","address2":"Haymeads Lane, Bishop's Stortford, Hertfordshire","postcode":"CM23 5JH","county":"England","town":"","mobile":"","email":"","status":"1","created_at":"2024-02-27T12:09:22.000Z","updated_at":"2024-02-27T12:15:41.000Z"},{"id":55,"name":"Hinchingbrooke Hospital – Huntingdon, Cambridgeshire","unique_id":"HOS51","about1":"","about2":"","about3":"","about4":"","about5":"","address1":"","address2":"Hinchingbrooke Park, Huntingdon, Cambridgeshire","postcode":"PE29 6NT","county":"England","town":"","mobile":"","email":"","status":"1","created_at":"2024-02-27T12:09:22.000Z","updated_at":"2024-02-27T12:15:41.000Z"},{"id":106,"name":"Homerton University Hospital – Homerton, London","unique_id":"HOS102","about1":"","about2":"","about3":"","about4":"","about5":"","address1":"","address2":"Homerton Row, Homerton, London E9 6SR","postcode":"E9 6SR","county":"England","town":"","mobile":"","email":"","status":"1","created_at":"2024-02-27T12:09:23.000Z","updated_at":"2024-02-27T12:15:41.000Z"},{"id":130,"name":"Horsham Hospital – Horsham","unique_id":"HOS126","about1":"","about2":"","about3":"","about4":"","about5":"","address1":"","address2":"Hurst Road, Horsham RH12 2DR","postcode":"RH12 2DR","county":"England","town":"","mobile":"","email":"","status":"1","created_at":"2024-02-27T12:09:23.000Z","updated_at":"2024-02-27T12:15:41.000Z"},{"id":90,"name":"Hospital for Tropical Diseases","unique_id":"HOS86","about1":"","about2":"","about3":"","about4":"","about5":"","address1":"","address2":"Mortimer Market, London WC1E 6JB","postcode":"WC1E 6JB","county":"England","town":"","mobile":"","email":"","status":"1","created_at":"2024-02-27T12:09:22.000Z","updated_at":"2024-02-27T12:15:41.000Z"},{"id":93,"name":"Hospital of St John and St Elizabeth – St John's Wood (independent)","unique_id":"HOS89","about1":"","about2":"","about3":"","about4":"","about5":"","address1":"","address2":"60 Grove End Road, London NW8 9NH","postcode":"NW8 9NH","county":"England","town":"","mobile":"","email":"","status":"1","created_at":"2024-02-27T12:09:22.000Z","updated_at":"2024-02-27T12:15:41.000Z"},{"id":20,"name":"Ilkeston Community Hospital – Ilkeston, Derbyshire","unique_id":"HOS16","about1":"","about2":"","about3":"","about4":"","about5":"","address1":"","address2":"Heanor Road, Ilkeston, Derbyshire","postcode":"DE7 8LN","county":"England","town":"","mobile":"","email":"","status":"1","created_at":"2024-02-27T12:09:22.000Z","updated_at":"2024-02-27T12:15:41.000Z"},{"id":56,"name":"Ipswich Hospital – Ipswich","unique_id":"HOS52","about1":"","about2":"","about3":"","about4":"","about5":"","address1":"","address2":"Heath Road, Ipswich","postcode":"IP4 5PD","county":"England","town":"","mobile":"","email":"","status":"1","created_at":"2024-02-27T12:09:22.000Z","updated_at":"2024-02-27T12:15:41.000Z"},{"id":57,"name":"James Paget University Hospital – Gorleston, Great Yarmouth, Norfolk","unique_id":"HOS53","about1":"","about2":"","about3":"","about4":"","about5":"","address1":"","address2":"Lowestoft Road, Gorleston, Great Yarmouth","postcode":"NR31 6LA","county":"England","town":"","mobile":"","email":"","status":"1","created_at":"2024-02-27T12:09:22.000Z","updated_at":"2024-02-27T12:15:41.000Z"},{"id":21,"name":"John Coupland Hospital – Gainsborough, Lincolnshire","unique_id":"HOS17","about1":"","about2":"","about3":"","about4":"","about5":"","address1":"","address2":"Ropery Road, Gainsborough, Lincolnshire","postcode":"DN21 2TJ","county":"England","town":"","mobile":"","email":"","status":"1","created_at":"2024-02-27T12:09:22.000Z","updated_at":"2024-02-27T12:15:41.000Z"},{"id":22,"name":"Kettering General Hospital – Kettering, Northamptonshire","unique_id":"HOS18","about1":"","about2":"","about3":"","about4":"","about5":"","address1":"","address2":"Rothwell Road, Kettering, Northamptonshire","postcode":"NN16 8UZ","county":"England","town":"","mobile":"","email":"","status":"1","created_at":"2024-02-27T12:09:22.000Z","updated_at":"2024-02-27T12:15:41.000Z"},{"id":108,"name":"King George Hospital – Redbridge","unique_id":"HOS104","about1":"","about2":"","about3":"","about4":"","about5":"","address1":"","address2":"Barley Lane, Goodmayes, Ilford, Redbridge IG3 8YB","postcode":"IG3 8YB","county":"England","town":"","mobile":"","email":"","status":"1","created_at":"2024-02-27T12:09:23.000Z","updated_at":"2024-02-27T12:15:41.000Z"},{"id":194,"name":"King's College Hospital","unique_id":"02032999000","about1":"1","about2":"1","about3":"1","about4":"1","about5":"1","address1":"King's College Hospital","address2":"Denmark Hill","postcode":"SE5 9RS","county":"England","town":"London","mobile":"02032999000","email":"kch-trsarkch@nhs.net","status":"1","created_at":"2024-06-12T14:26:04.000Z","updated_at":"2024-06-12T14:26:26.000Z"},{"id":23,"name":"King's Mill Hospital – Sutton-in-Ashfield, Nottinghamshire","unique_id":"HOS19","about1":"","about2":"","about3":"","about4":"","about5":"","address1":"","address2":"Mansfield Road, Sutton-in-Ashfield, Nottinghamshire","postcode":"NG17 4JL","county":"England","town":"","mobile":"","email":"","status":"1","created_at":"2024-02-27T12:09:22.000Z","updated_at":"2024-02-27T12:15:41.000Z"},{"id":58,"name":"Kingsley Green, Hertfordshire","unique_id":"HOS54","about1":"","about2":"","about3":"","about4":"","about5":"","address1":"","address2":"Kingsley Green, Radlett, Hertfordshire","postcode":"WD7 9HQ","county":"England","town":"","mobile":"","email":"","status":"1","created_at":"2024-02-27T12:09:22.000Z","updated_at":"2024-02-27T12:15:41.000Z"},{"id":24,"name":"Leicester General Hospital – Leicester","unique_id":"HOS20","about1":"","about2":"","about3":"","about4":"","about5":"","address1":"","address2":"Gwendolen Road, Leicester","postcode":"LE5 4PW","county":"England","town":"","mobile":"","email":"","status":"1","created_at":"2024-02-27T12:09:22.000Z","updated_at":"2024-02-27T12:15:41.000Z"},{"id":25,"name":"Leicester Royal Infirmary – Leicester","unique_id":"HOS21","about1":"","about2":"","about3":"","about4":"","about5":"","address1":"","address2":"Infirmary Square, Leicester","postcode":"LE1 5WW","county":"England","town":"","mobile":"","email":"","status":"1","created_at":"2024-02-27T12:09:22.000Z","updated_at":"2024-02-27T12:15:41.000Z"},{"id":26,"name":"Lincoln County Hospital – Lincoln, Lincolnshire","unique_id":"HOS22","about1":"","about2":"","about3":"","about4":"","about5":"","address1":"","address2":"Greetwell Road, Lincoln","postcode":"LN2 5QY","county":"England","town":"","mobile":"","email":"","status":"1","created_at":"2024-02-27T12:09:22.000Z","updated_at":"2024-02-27T12:15:41.000Z"},{"id":59,"name":"Lister Hospital – Stevenage, Hertfordshire","unique_id":"HOS55","about1":"","about2":"","about3":"","about4":"","about5":"","address1":"","address2":"Coreys Mill Lane, Stevenage, Hertfordshire","postcode":"SG1 4AB","county":"England","town":"","mobile":"","email":"","status":"1","created_at":"2024-02-27T12:09:22.000Z","updated_at":"2024-02-27T12:15:41.000Z"},{"id":91,"name":"London Lock Hospital","unique_id":"HOS87","about1":"","about2":"","about3":"","about4":"","about5":"","address1":"","address2":"232-236 Grays Inn Road, London WC1X 8HB","postcode":"WC1X 8HB","county":"England","town":"","mobile":"","email":"","status":"1","created_at":"2024-02-27T12:09:22.000Z","updated_at":"2024-02-27T12:15:41.000Z"},{"id":60,"name":"Luton and Dunstable University Hospital – Luton, Bedfordshire","unique_id":"HOS56","about1":"","about2":"","about3":"","about4":"","about5":"","address1":"","address2":"Lewsey Road, Luton, Bedfordshire","postcode":"LU4 0DZ","county":"England","town":"","mobile":"","email":"","status":"1","created_at":"2024-02-27T12:09:22.000Z","updated_at":"2024-02-27T12:15:41.000Z"},{"id":142,"name":"Lymington New Forest Hospital – Lymington","unique_id":"HOS138","about1":"","about2":"","about3":"","about4":"","about5":"","address1":"","address2":"Wellworthy Road, Lymington SO41 8QD","postcode":"SO41 8QD","county":"England","town":"","mobile":"","email":"","status":"1","created_at":"2024-02-27T12:09:23.000Z","updated_at":"2024-02-27T12:15:41.000Z"},{"id":191,"name":"Maidstone and Tunbridge Wells NHS","unique_id":"01622 224960","about1":"Maidstone and Tunbridge Wells NHS","about2":"Maidstone and Tunbridge Wells NHS","about3":"Maidstone and Tunbridge Wells NHS","about4":"Maidstone and Tunbridge Wells NHS","about5":"Maidstone and Tunbridge Wells NHS","address1":"Hermitage Lane","address2":"Maidstone","postcode":"ME16 9QQ","county":"England","town":"Kent","mobile":"01622 224960","email":"mtw-tr.FOIadmin@nhs.net","status":"1","created_at":"2024-03-26T22:18:01.000Z","updated_at":"2024-04-23T08:23:19.000Z"},{"id":190,"name":"Medway Maritime Hospital","unique_id":"01634 825004","about1":"Medway Maritime Hospital","about2":"Medway Maritime Hospital","about3":"Medway Maritime Hospital","about4":"Medway Maritime Hospital","about5":"Medway Maritime Hospital","address1":"Windmill Road","address2":"Gillingham","postcode":"ME7 5NYWindmill Road Gillingham","county":"England","town":"Kent","mobile":"01634 825004","email":"medwayft.pals@nhs.net","status":"1","created_at":"2024-03-26T22:13:20.000Z","updated_at":"2024-03-26T22:32:37.000Z"},{"id":109,"name":"Mile End Hospital – Tower Hamlets, Whitechapel","unique_id":"HOS105","about1":"","about2":"","about3":"","about4":"","about5":"","address1":"","address2":"Bancroft Road, Whitechapel, London E1 4DG","postcode":"E1 4DG","county":"England","town":"","mobile":"","email":"","status":"1","created_at":"2024-02-27T12:09:23.000Z","updated_at":"2024-02-27T12:15:41.000Z"},{"id":110,"name":"Moorfields Eye Hospital – London Borough of Islington","unique_id":"HOS106","about1":"","about2":"","about3":"","about4":"","about5":"","address1":"","address2":"162 City Road, London EC1V 2PD","postcode":"EC1V 2PD","county":"England","town":"","mobile":"","email":"","status":"1","created_at":"2024-02-27T12:09:23.000Z","updated_at":"2024-02-27T12:15:41.000Z"},{"id":151,"name":"Musgrove Park Hospital – Taunton","unique_id":"HOS147","about1":"","about2":"","about3":"","about4":"","about5":"","address1":"","address2":"Parkfield Drive, Taunton TA1 5DA","postcode":"TA1 5DA","county":"England","town":"","mobile":"","email":"","status":"1","created_at":"2024-02-27T12:09:23.000Z","updated_at":"2024-02-27T12:15:41.000Z"},{"id":111,"name":"National Hospital for Neurology and Neurosurgery – Bloomsbury, London","unique_id":"HOS107","about1":"","about2":"","about3":"","about4":"","about5":"","address1":"","address2":"Queen Square, Bloomsbury, London WC1N 3BG","postcode":"WC1N 3BG","county":"England","town":"","mobile":"","email":"","status":"1","created_at":"2024-02-27T12:09:23.000Z","updated_at":"2024-02-27T12:15:41.000Z"},{"id":192,"name":"Neaman Practice","unique_id":"02076009740","about1":"1","about2":"1","about3":"1","about4":"1","about5":"1","address1":"15 Halfmoon Ct","address2":"Barbican","postcode":"EC1A 7HF","county":"England","town":"London","mobile":"02076009740","email":"theneamanpractice@nhs.net","status":"1","created_at":"2024-06-12T12:08:37.000Z","updated_at":"2024-06-12T12:57:26.000Z"},{"id":70,"name":"New QEII Hospital – Welwyn Garden City, Hertfordshire","unique_id":"HOS66","about1":"","about2":"","about3":"","about4":"","about5":"","address1":"","address2":"Howlands, Welwyn Garden City, Hertfordshire","postcode":"AL7 4HQ","county":"England","town":"","mobile":"","email":"","status":"1","created_at":"2024-02-27T12:09:22.000Z","updated_at":"2024-02-27T12:15:41.000Z"},{"id":28,"name":"Newark Hospital – Newark-on-Trent, Nottinghamshire","unique_id":"","about1":"HOS24","about2":"","about3":"","about4":"","about5":"","address1":"","address2":"Boundary Road, Newark-on-Trent, Nottinghamshire","postcode":"NG24 4DE","county":"England","town":"","mobile":"","email":"","status":"1","created_at":"2024-02-27T12:09:22.000Z","updated_at":"2024-02-27T12:15:41.000Z"},{"id":112,"name":"Newham University Hospital – Plaistow","unique_id":"HOS108","about1":"","about2":"","about3":"","about4":"","about5":"","address1":"","address2":"Glen Road, Plaistow, London E13 8SL","postcode":"E13 8SL","county":"England","town":"","mobile":"","email":"","status":"1","created_at":"2024-02-27T12:09:23.000Z","updated_at":"2024-02-27T12:15:41.000Z"},{"id":29,"name":"Newholme Hospital – Bakewell, Derbyshire","unique_id":"HOS25","about1":"","about2":"","about3":"","about4":"","about5":"","address1":"","address2":"Baslow Road, Bakewell, Derbyshire","postcode":"DE45 1AD","county":"England","town":"","mobile":"","email":"","status":"1","created_at":"2024-02-27T12:09:22.000Z","updated_at":"2024-02-27T12:15:41.000Z"},{"id":164,"name":"NHS Ayrshire and Arran – Kilmarnock","unique_id":"HOS160","about1":"","about2":"","about3":"","about4":"","about5":"","address1":"","address2":"Eglinton House, Ailsa Hospital, Dalmellington Road, Ayr KA6 6AB","postcode":"KA6 6AB","county":"Scotland","town":"","mobile":"","email":"","status":"1","created_at":"2024-02-27T12:09:23.000Z","updated_at":"2024-02-27T12:15:41.000Z"},{"id":163,"name":"NHS Borders – Melrose","unique_id":"HOS159","about1":"","about2":"","about3":"","about4":"","about5":"","address1":"","address2":"Newstead, Melrose, Scottish Borders TD6 9DA","postcode":"TD6 9DA","county":"Scotland","town":"","mobile":"","email":"","status":"1","created_at":"2024-02-27T12:09:23.000Z","updated_at":"2024-02-27T12:15:41.000Z"},{"id":185,"name":"NHS Business Services Authority – Newcastle","unique_id":"HOS181","about1":"","about2":"","about3":"","about4":"","about5":"","address1":"","address2":"Stella House, Goldcrest Way, Newburn Riverside Business Park, Newcastle upon Tyne NE15 8NY","postcode":"NE15 8NY","county":"England","town":"","mobile":"","email":"","status":"1","created_at":"2024-02-27T12:09:23.000Z","updated_at":"2024-02-27T12:15:41.000Z"},{"id":165,"name":"NHS Dumfries and Galloway – Dumfries","unique_id":"HOS161","about1":"","about2":"","about3":"","about4":"","about5":"","address1":"","address2":"Crichton Hall, Dumfries DG1 4TG","postcode":"DG1 4TG","county":"Scotland","town":"","mobile":"","email":"","status":"1","created_at":"2024-02-27T12:09:23.000Z","updated_at":"2024-02-27T12:15:41.000Z"},{"id":166,"name":"NHS Education for Scotland – Glasgow","unique_id":"HOS162","about1":"","about2":"","about3":"","about4":"","about5":"","address1":"","address2":"Delta House, 50 West Nile Street, Glasgow G1 2NP","postcode":"G1 2NP","county":"Scotland","town":"","mobile":"","email":"","status":"1","created_at":"2024-02-27T12:09:23.000Z","updated_at":"2024-02-27T12:15:41.000Z"},{"id":180,"name":"NHS England – Leeds","unique_id":"HOS176","about1":"","about2":"","about3":"","about4":"","about5":"","address1":"","address2":"Quarry House, Quarry Hill, Leeds LS2 7UE","postcode":"LS2 7UE","county":"England","town":"","mobile":"","email":"","status":"1","created_at":"2024-02-27T12:09:23.000Z","updated_at":"2024-02-27T12:15:41.000Z"},{"id":184,"name":"NHS England (London) – London","unique_id":"HOS180","about1":"","about2":"","about3":"","about4":"","about5":"","address1":"","address2":"Skipton House, 80 London Road, London SE1 6LH","postcode":"SE1 6LH","county":"England","town":"","mobile":"","email":"","status":"1","created_at":"2024-02-27T12:09:23.000Z","updated_at":"2024-02-27T12:15:41.000Z"},{"id":186,"name":"NHS England (South) – Horley","unique_id":"HOS182","about1":"","about2":"","about3":"","about4":"","about5":"","address1":"","address2":"Southside, 105 Victoria Street, London SW1E 6QT","postcode":"SW1E 6QT","county":"England","town":"","mobile":"","email":"","status":"1","created_at":"2024-02-27T12:09:23.000Z","updated_at":"2024-02-27T12:15:41.000Z"},{"id":167,"name":"NHS Fife – Glenrothes","unique_id":"HOS163","about1":"","about2":"","about3":"","about4":"","about5":"","address1":"","address2":"Hayfield House, Hayfield Road, Kirkcaldy, Fife KY2 5AH","postcode":"KY2 5AH","county":"Scotland","town":"","mobile":"","email":"","status":"1","created_at":"2024-02-27T12:09:23.000Z","updated_at":"2024-02-27T12:15:41.000Z"},{"id":168,"name":"NHS Grampian – Aberdeen","unique_id":"HOS164","about1":"","about2":"","about3":"","about4":"","about5":"","address1":"","address2":"Summerfield House, Eday Road, Aberdeen AB15 6RE","postcode":"AB15 6RE","county":"Scotland","town":"","mobile":"","email":"","status":"1","created_at":"2024-02-27T12:09:23.000Z","updated_at":"2024-02-27T12:15:41.000Z"},{"id":169,"name":"NHS Greater Glasgow and Clyde – Glasgow","unique_id":"HOS165","about1":"","about2":"","about3":"","about4":"","about5":"","address1":"","address2":"J B Russell House, Gartnavel Royal Hospital, 1055 Great Western Road, Glasgow G12 0XH","postcode":"G12 0XH","county":"Scotland","town":"","mobile":"","email":"","status":"1","created_at":"2024-02-27T12:09:23.000Z","updated_at":"2024-02-27T12:15:41.000Z"},{"id":170,"name":"NHS Health Scotland – Edinburgh","unique_id":"HOS166","about1":"","about2":"","about3":"","about4":"","about5":"","address1":"","address2":"Woodburn House, Canaan Lane, Edinburgh EH10 4SG","postcode":"EH10 4SG","county":"Scotland","town":"","mobile":"","email":"","status":"1","created_at":"2024-02-27T12:09:23.000Z","updated_at":"2024-02-27T12:15:41.000Z"},{"id":171,"name":"NHS Highland – Inverness","unique_id":"HOS167","about1":"","about2":"","about3":"","about4":"","about5":"","address1":"","address2":"Assynt House, Beechwood Park, Inverness IV2 3BW","postcode":"IV2 3BW","county":"Scotland","town":"","mobile":"","email":"","status":"1","created_at":"2024-02-27T12:09:23.000Z","updated_at":"2024-02-27T12:15:41.000Z"},{"id":183,"name":"NHS Improvement – London","unique_id":"HOS179","about1":"","about2":"","about3":"","about4":"","about5":"","address1":"","address2":"Wellington House, 133-155 Waterloo Road, London SE1 8UG","postcode":"SE1 8UG","county":"England","town":"","mobile":"","email":"","status":"1","created_at":"2024-02-27T12:09:23.000Z","updated_at":"2024-02-27T12:15:41.000Z"},{"id":172,"name":"NHS Lanarkshire – Bothwell","unique_id":"HOS168","about1":"","about2":"","about3":"","about4":"","about5":"","address1":"","address2":"Kirklands Hospital, Fallside Road, Bothwell, South Lanarkshire G71 8BB","postcode":"G71 8BB","county":"Scotland","town":"","mobile":"","email":"","status":"1","created_at":"2024-02-27T12:09:23.000Z","updated_at":"2024-02-27T12:15:41.000Z"},{"id":173,"name":"NHS Lothian – Edinburgh","unique_id":"HOS169","about1":"","about2":"","about3":"","about4":"","about5":"","address1":"","address2":"Waverley Gate, 2-4 Waterloo Place, Edinburgh EH1 3EG","postcode":"EH1 3EG","county":"Scotland","town":"","mobile":"","email":"","status":"1","created_at":"2024-02-27T12:09:23.000Z","updated_at":"2024-02-27T12:15:41.000Z"},{"id":174,"name":"NHS National Services Scotland – Edinburgh","unique_id":"HOS170","about1":"","about2":"","about3":"","about4":"","about5":"","address1":"","address2":"Gyle Square, 1 South Gyle Crescent, Edinburgh EH12 9EB","postcode":"EH12 9EB","county":"Scotland","town":"","mobile":"","email":"","status":"1","created_at":"2024-02-27T12:09:23.000Z","updated_at":"2024-02-27T12:15:41.000Z"},{"id":181,"name":"NHS Northern Ireland – Belfast","unique_id":"HOS177","about1":"","about2":"","about3":"","about4":"","about5":"","address1":"","address2":"12-22 Linenhall Street, Belfast BT2 8BS","postcode":"BT2 8BS","county":"Northern Ireland","town":"","mobile":"","email":"","status":"1","created_at":"2024-02-27T12:09:23.000Z","updated_at":"2024-02-27T12:15:41.000Z"},{"id":175,"name":"NHS Orkney – Kirkwall","unique_id":"HOS171","about1":"","about2":"","about3":"","about4":"","about5":"","address1":"","address2":"Balfour Hospital, New Scapa Road, Kirkwall KW15 1BH","postcode":"KW15 1BH","county":"Scotland","town":"","mobile":"","email":"","status":"1","created_at":"2024-02-27T12:09:23.000Z","updated_at":"2024-02-27T12:15:41.000Z"},{"id":176,"name":"NHS Shetland – Lerwick","unique_id":"HOS172","about1":"","about2":"","about3":"","about4":"","about5":"","address1":"","address2":"Montfield, Lerwick, Shetland ZE1 0ER","postcode":"ZE1 0ER","county":"Scotland","town":"","mobile":"","email":"","status":"1","created_at":"2024-02-27T12:09:23.000Z","updated_at":"2024-02-27T12:15:41.000Z"},{"id":177,"name":"NHS Tayside – Dundee","unique_id":"HOS173","about1":"","about2":"","about3":"","about4":"","about5":"","address1":"","address2":"Ninewells Hospital and Medical School, Dundee DD1 9SY","postcode":"DD1 9SY","county":"Scotland","town":"","mobile":"","email":"","status":"1","created_at":"2024-02-27T12:09:23.000Z","updated_at":"2024-02-27T12:15:41.000Z"},{"id":182,"name":"NHS Wales – Cardiff","unique_id":"HOS178","about1":"","about2":"","about3":"","about4":"","about5":"","address1":"","address2":"4-6 Charnwood House, Heol Billingsley, Parc Nantgarw, Cardiff CF15 7QZ","postcode":"CF15 7QZ","county":"Wales","town":"","mobile":"","email":"","status":"1","created_at":"2024-02-27T12:09:23.000Z","updated_at":"2024-02-27T12:15:41.000Z"},{"id":187,"name":"NHS Wales Shared Services Partnership – Cardiff","unique_id":"HOS183","about1":"","about2":"","about3":"","about4":"","about5":"","address1":"","address2":"4-6 Charnwood House, Heol Billingsley, Parc Nantgarw, Cardiff CF15 7QZ","postcode":"CF15 7QZ","county":"Wales","town":"","mobile":"","email":"","status":"1","created_at":"2024-02-27T12:09:23.000Z","updated_at":"2024-02-27T12:15:41.000Z"},{"id":178,"name":"NHS Western Isles – Stornoway","unique_id":"HOS174","about1":"","about2":"","about3":"","about4":"","about5":"","address1":"","address2":"37 South Beach, Stornoway, Isle of Lewis HS1 2BB","postcode":"HS1 2BB","county":"Scotland","town":"","mobile":"","email":"","status":"1","created_at":"2024-02-27T12:09:23.000Z","updated_at":"2024-02-27T12:15:41.000Z"},{"id":188,"name":"NHS– London","unique_id":"HOS184","about1":"","about2":"","about3":"","about4":"","about5":"","address1":"","address2":"79 Whitehall, London SW1A 2NS","postcode":"SW1A 2NS","county":"England","town":"","mobile":"","email":"","status":"1","created_at":"2024-02-27T12:09:23.000Z","updated_at":"2024-03-22T16:31:35.000Z"},{"id":85,"name":"Nightingale Hospital – Marylebone (independent)","unique_id":"HOS81","about1":"","about2":"","about3":"","about4":"","about5":"","address1":"","address2":"11-19 Lisson Grove, London NW1 6SH","postcode":"NW1 6SH","county":"England","town":"","mobile":"","email":"","status":"1","created_at":"2024-02-27T12:09:22.000Z","updated_at":"2024-02-27T12:15:41.000Z"},{"id":61,"name":"Norfolk and Norwich University Hospital – Norwich","unique_id":"HOS57","about1":"","about2":"","about3":"","about4":"","about5":"","address1":"","address2":"Colney Lane, Norwich","postcode":"NR4 7UY","county":"England","town":"","mobile":"","email":"","status":"1","created_at":"2024-02-27T12:09:22.000Z","updated_at":"2024-02-27T12:15:41.000Z"},{"id":62,"name":"North Cambridgeshire Hospital – Wisbech","unique_id":"HOS58","about1":"","about2":"","about3":"","about4":"","about5":"","address1":"","address2":"The Park, Wisbech, Cambridgeshire","postcode":"PE13 3AB","county":"England","town":"","mobile":"","email":"","status":"1","created_at":"2024-02-27T12:09:22.000Z","updated_at":"2024-02-27T12:15:41.000Z"},{"id":94,"name":"North Middlesex University Hospital – Edmonton","unique_id":"HOS90","about1":"","about2":"","about3":"","about4":"","about5":"","address1":"","address2":"Sterling Way, London N18 1QX","postcode":"N18 1QX","county":"England","town":"","mobile":"","email":"","status":"1","created_at":"2024-02-27T12:09:22.000Z","updated_at":"2024-02-27T12:15:41.000Z"},{"id":30,"name":"Northampton General Hospital – Northampton","unique_id":"HOS26","about1":"","about2":"","about3":"","about4":"","about5":"","address1":"","address2":"Cliftonville, Northampton","postcode":"NN1 5BD","county":"England","town":"","mobile":"","email":"","status":"1","created_at":"2024-02-27T12:09:22.000Z","updated_at":"2024-02-27T12:15:41.000Z"},{"id":150,"name":"Northern Devon Healthcare NHS Trust – Barnstaple","unique_id":"HOS146","about1":"","about2":"","about3":"","about4":"","about5":"","address1":"","address2":"Raleigh Park, Barnstaple EX31 4JB","postcode":"EX31 4JB","county":"England","town":"","mobile":"","email":"","status":"1","created_at":"2024-02-27T12:09:23.000Z","updated_at":"2024-02-27T12:15:41.000Z"},{"id":63,"name":"Northgate Hospital, Great Yarmouth, Norfolk","unique_id":"HOS59","about1":"","about2":"","about3":"","about4":"","about5":"","address1":"","address2":"Northgate Street, Great Yarmouth","postcode":"NR30 1BU","county":"England","town":"","mobile":"","email":"","status":"1","created_at":"2024-02-27T12:09:22.000Z","updated_at":"2024-02-27T12:15:41.000Z"},{"id":64,"name":"Norwich Community Hospital – Norwich","unique_id":"HOS60","about1":"","about2":"","about3":"","about4":"","about5":"","address1":"","address2":"Bowthorpe Road, Norwich","postcode":"NR2 3TU","county":"England","town":"","mobile":"","email":"","status":"1","created_at":"2024-02-27T12:09:22.000Z","updated_at":"2024-02-27T12:15:41.000Z"},{"id":31,"name":"Nottingham City Hospital – Nottingham","unique_id":"HOS27","about1":"","about2":"","about3":"","about4":"","about5":"","address1":"","address2":"Hucknall Road, Nottingham","postcode":"NG5 1PB","county":"England","town":"","mobile":"","email":"","status":"1","created_at":"2024-02-27T12:09:22.000Z","updated_at":"2024-02-27T12:15:41.000Z"},{"id":65,"name":"Nuffield Health Cambridge Hospital (independent) – Cambridge","unique_id":"HOS61","about1":"","about2":"","about3":"","about4":"","about5":"","address1":"","address2":"4 Trumpington Road, Cambridge","postcode":"CB2 8AF","county":"England","town":"","mobile":"","email":"","status":"1","created_at":"2024-02-27T12:09:22.000Z","updated_at":"2024-02-27T12:15:41.000Z"},{"id":32,"name":"Nuffield Health Derby Hospital (independent) – Derby","unique_id":"HOS28","about1":"","about2":"","about3":"","about4":"","about5":"","address1":"","address2":"Rykneld Road, Littleover, Derby","postcode":"DE23 4SN","county":"England","town":"","mobile":"","email":"","status":"1","created_at":"2024-02-27T12:09:22.000Z","updated_at":"2024-02-27T12:15:41.000Z"},{"id":189,"name":"Other","unique_id":"000000","about1":"hg","about2":"h","about3":"gh","about4":"gh","about5":"gh","address1":"Gisburn Park Estate","address2":"BMI","postcode":"BB74HX","county":"Lancashire","town":"Clitheroe","mobile":"g","email":"Test@gmail.com","status":"1","created_at":"2023-10-03T04:14:49.000Z","updated_at":"2024-02-27T12:15:41.000Z"},{"id":66,"name":"Peterborough City Hospital – Peterborough, Cambridgeshire","unique_id":"HOS62","about1":"","about2":"","about3":"","about4":"","about5":"","address1":"","address2":"Thorpe Road, Peterborough, Cambridgeshire","postcode":"PE3 6DA","county":"England","town":"","mobile":"","email":"","status":"1","created_at":"2024-02-27T12:09:22.000Z","updated_at":"2024-02-27T12:15:41.000Z"},{"id":33,"name":"Pilgrim Hospital – Boston, Lincolnshire","unique_id":"HOS29","about1":"","about2":"","about3":"","about4":"","about5":"","address1":"","address2":"Sibsey Road, Boston, Lincolnshire","postcode":"PE21 9QS","county":"England","town":"","mobile":"","email":"","status":"1","created_at":"2024-02-27T12:09:22.000Z","updated_at":"2024-02-27T12:15:41.000Z"},{"id":138,"name":"Poole General Hospital – Poole","unique_id":"HOS134","about1":"","about2":"","about3":"","about4":"","about5":"","address1":"","address2":"Longfleet Road, Poole BH15 2JB","postcode":"BH15 2JB","county":"England","town":"","mobile":"","email":"","status":"1","created_at":"2024-02-27T12:09:23.000Z","updated_at":"2024-02-27T12:15:41.000Z"},{"id":157,"name":"Portsmouth Hospitals NHS Trust – Portsmouth","unique_id":"HOS153","about1":"","about2":"","about3":"","about4":"","about5":"","address1":"","address2":"Southwick 64  71521  64  45864   0      0  45467      0   00:01   00:01          45500 Hill Road, Cosham, Portsmouth PO6 3LY","postcode":"PO6 3LY","county":"England","town":"","mobile":"","email":"","status":"1","created_at":"2024-02-27T12:09:23.000Z","updated_at":"2024-02-27T12:15:41.000Z"},{"id":67,"name":"Princess Alexandra Hospital, Harlow – Harlow, Essex","unique_id":"HOS63","about1":"","about2":"","about3":"","about4":"","about5":"","address1":"","address2":"Hamstel Road, Harlow, Essex","postcode":"CM20 1QX","county":"England","town":"","mobile":"","email":"","status":"1","created_at":"2024-02-27T12:09:22.000Z","updated_at":"2024-02-27T12:15:41.000Z"},{"id":141,"name":"Princess Anne Hospital – Southampton","unique_id":"HOS137","about1":"","about2":"","about3":"","about4":"","about5":"","address1":"","address2":"Coxford Road, Southampton SO16 5YA","postcode":"SO16 5YA","county":"England","town":"","mobile":"","email":"","status":"1","created_at":"2024-02-27T12:09:23.000Z","updated_at":"2024-02-27T12:15:41.000Z"},{"id":68,"name":"Princess of Wales Hospital – Ely, Cambridgeshire","unique_id":"HOS64","about1":"","about2":"","about3":"","about4":"","about5":"","address1":"","address2":"Lynn Road, Ely, Cambridgeshire","postcode":"CB6 1DN","county":"England","town":"","mobile":"","email":"","status":"1","created_at":"2024-02-27T12:09:22.000Z","updated_at":"2024-02-27T12:15:41.000Z"},{"id":131,"name":"Princess Royal Hospital – Haywards Heath","unique_id":"HOS127","about1":"","about2":"","about3":"","about4":"","about5":"","address1":"","address2":"Lewes Road, Haywards Heath RH16 4EX","postcode":"RH16 4EX","county":"England","town":"","mobile":"","email":"","status":"1","created_at":"2024-02-27T12:09:23.000Z","updated_at":"2024-02-27T12:15:41.000Z"},{"id":179,"name":"Public Health Scotland – Glasgow","unique_id":"HOS175","about1":"","about2":"","about3":"","about4":"","about5":"","address1":"","address2":"Meridian Court, 5 Cadogan Street, Glasgow G2 6QE","postcode":"G2 6QE","county":"Scotland","town":"","mobile":"","email":"","status":"1","created_at":"2024-02-27T12:09:23.000Z","updated_at":"2024-02-27T12:15:41.000Z"},{"id":123,"name":"Queen Alexandra Hospital – Portsmouth","unique_id":"HOS119","about1":"","about2":"","about3":"","about4":"","about5":"","address1":"","address2":"Southwick Hill Road, Cosham, Portsmouth PO6 3LY","postcode":"PO6 3LY","county":"England","town":"","mobile":"","email":"","status":"1","created_at":"2024-02-27T12:09:23.000Z","updated_at":"2024-02-27T12:15:41.000Z"},{"id":69,"name":"Queen Elizabeth Hospital – King's Lynn, Norfolk","unique_id":"HOS65","about1":"","about2":"","about3":"","about4":"","about5":"","address1":"","address2":"Gayton Road, King's Lynn","postcode":"PE30 4ET","county":"England","town":"","mobile":"","email":"","status":"1","created_at":"2024-02-27T12:09:22.000Z","updated_at":"2024-02-27T12:15:41.000Z"},{"id":113,"name":"Queen Elizabeth Hospital for Children","unique_id":"HOS109","about1":"","about2":"","about3":"","about4":"","about5":"","address1":"","address2":"29-33 Riding House Street, London W1W 7EJ","postcode":"W1W 7EJ","county":"England","town":"","mobile":"","email":"","status":"1","created_at":"2024-02-27T12:09:23.000Z","updated_at":"2024-02-27T12:15:41.000Z"},{"id":114,"name":"Queen's Hospital – Romford","unique_id":"HOS110","about1":"","about2":"","about3":"","about4":"","about5":"","address1":"","address2":"Rom Valley Way, Romford, Essex RM7 0AG","postcode":"RM7 0AG","county":"England","town":"","mobile":"","email":"","status":"1","created_at":"2024-02-27T12:09:23.000Z","updated_at":"2024-02-27T12:15:41.000Z"},{"id":34,"name":"Queen's Medical Centre – Nottingham","unique_id":"HOS30","about1":"","about2":"","about3":"","about4":"","about5":"","address1":"","address2":"Derby Road, Nottingham","postcode":"NG7 2UH","county":"England","town":"","mobile":"","email":"","status":"1","created_at":"2024-02-27T12:09:22.000Z","updated_at":"2024-02-27T12:15:41.000Z"},{"id":35,"name":"Rampton Secure Hospital – Woodbeck, Nottinghamshire","unique_id":"HOS31","about1":"","about2":"","about3":"","about4":"","about5":"","address1":"","address2":"Retford Road, Woodbeck, Nottinghamshire","postcode":"DN22 0PD","county":"England","town":"","mobile":"","email":"","status":"1","created_at":"2024-02-27T12:09:22.000Z","updated_at":"2024-02-27T12:15:41.000Z"},{"id":36,"name":"Ripley Hospital – Ripley, Derbyshire","unique_id":"HOS32","about1":"","about2":"","about3":"","about4":"","about5":"","address1":"","address2":"Sandham Lane, Ripley, Derbyshire","postcode":"DE5 3HE","county":"England","town":"","mobile":"","email":"","status":"1","created_at":"2024-02-27T12:09:22.000Z","updated_at":"2024-02-27T12:15:41.000Z"},{"id":71,"name":"Rivers Hospital – Sawbridgeworth, Hertfordshire","unique_id":"HOS67","about1":"","about2":"","about3":"","about4":"","about5":"","address1":"","address2":"High Wych Road, Sawbridgeworth, Hertfordshire","postcode":"CM21 0HH","county":"England","town":"","mobile":"","email":"","status":"1","created_at":"2024-02-27T12:09:22.000Z","updated_at":"2024-02-27T12:15:41.000Z"},{"id":152,"name":"Royal Cornwall Hospital – Truro","unique_id":"HOS148","about1":"","about2":"","about3":"","about4":"","about5":"","address1":"","address2":"Treliske, Truro TR1 3LJ","postcode":"TR1 3LJ","county":"England","town":"","mobile":"","email":"","status":"1","created_at":"2024-02-27T12:09:23.000Z","updated_at":"2024-02-27T12:15:41.000Z"},{"id":37,"name":"Royal Derby Hospital (formerly Derby City General Hospital) – Derby","unique_id":"HOS33","about1":"","about2":"","about3":"","about4":"","about5":"","address1":"","address2":"Uttoxeter Road, Derby","postcode":"DE22 3NE","county":"England","town":"","mobile":"","email":"","status":"1","created_at":"2024-02-27T12:09:22.000Z","updated_at":"2024-02-27T12:15:41.000Z"},{"id":149,"name":"Royal Devon and Exeter Hospital – Exeter","unique_id":"HOS145","about1":"","about2":"","about3":"","about4":"","about5":"","address1":"","address2":"Barrack Road, Exeter EX2 5DW","postcode":"EX2 5DW","county":"England","town":"","mobile":"","email":"","status":"1","created_at":"2024-02-27T12:09:23.000Z","updated_at":"2024-02-27T12:15:41.000Z"},{"id":155,"name":"Royal Devon and Exeter NHS Foundation Trust – Exeter","unique_id":"HOS151","about1":"","about2":"","about3":"","about4":"","about5":"","address1":"","address2":"Barrack Road, Exeter EX2 5DW","postcode":"EX2 5DW","county":"England","town":"","mobile":"","email":"","status":"1","created_at":"2024-02-27T12:09:23.000Z","updated_at":"2024-02-27T12:15:41.000Z"},{"id":96,"name":"Royal Free Hospital – Hampstead","unique_id":"HOS92","about1":"","about2":"","about3":"","about4":"","about5":"","address1":"","address2":"Pond Street, Hampstead, London NW3 2QG","postcode":"NW3 2QG","county":"England","town":"","mobile":"","email":"","status":"1","created_at":"2024-02-27T12:09:22.000Z","updated_at":"2024-02-27T12:15:41.000Z"},{"id":139,"name":"Royal Hampshire County Hospital – Winchester","unique_id":"HOS135","about1":"","about2":"","about3":"","about4":"","about5":"","address1":"","address2":"Romsey Road, Winchester SO22 5DG","postcode":"SO22 5DG","county":"England","town":"","mobile":"","email":"","status":"1","created_at":"2024-02-27T12:09:23.000Z","updated_at":"2024-02-27T12:15:41.000Z"},{"id":115,"name":"Royal London Hospital – Tower Hamlets, Whitechapel","unique_id":"HOS111","about1":"","about2":"","about3":"","about4":"","about5":"","address1":"","address2":"Whitechapel Road, Whitechapel, London E1 1BB","postcode":"E1 1BB","county":"England","town":"","mobile":"","email":"","status":"1","created_at":"2024-02-27T12:09:23.000Z","updated_at":"2024-02-27T12:15:41.000Z"},{"id":97,"name":"Royal London Hospital for Integrated Medicine","unique_id":"HOS93","about1":"","about2":"","about3":"","about4":"","about5":"","address1":"","address2":"60 Great Ormond Street, London WC1N 3HR","postcode":"WC1N 3HR","county":"England","town":"","mobile":"","email":"","status":"1","created_at":"2024-02-27T12:09:22.000Z","updated_at":"2024-02-27T12:15:41.000Z"},{"id":116,"name":"Royal National Throat, Nose and Ear Hospital – Gray's Inn Road, Camden","unique_id":"HOS112","about1":"","about2":"","about3":"","about4":"","about5":"","address1":"","address2":"330-332 Gray's Inn Road, London WC1X 8DA","postcode":"WC1X 8DA","county":"England","town":"","mobile":"","email":"","status":"1","created_at":"2024-02-27T12:09:23.000Z","updated_at":"2024-02-27T12:15:41.000Z"},{"id":73,"name":"Royal Papworth Hospital – Cambridgeshire","unique_id":"HOS69","about1":"","about2":"","about3":"","about4":"","about5":"","address1":"","address2":"Papworth Road, Cambridge","postcode":"CB23 3RE","county":"England","town":"","mobile":"","email":"","status":"1","created_at":"2024-02-27T12:09:22.000Z","updated_at":"2024-02-27T12:15:41.000Z"},{"id":160,"name":"Royal Shrewsbury Hospital – Shrewsbury","unique_id":"HOS156","about1":"","about2":"","about3":"","about4":"","about5":"","address1":"","address2":"Mytton Oak Road, Shrewsbury SY3 8XQ","postcode":"SY3 8XQ","county":"England","town":"","mobile":"","email":"","status":"1","created_at":"2024-02-27T12:09:23.000Z","updated_at":"2024-02-27T12:15:41.000Z"},{"id":132,"name":"Royal Sussex County Hospital – Brighton","unique_id":"HOS128","about1":"","about2":"","about3":"","about4":"","about5":"","address1":"","address2":"Eastern Road, Brighton BN2 5BE","postcode":"BN2 5BE","county":"England","town":"","mobile":"","email":"","status":"1","created_at":"2024-02-27T12:09:23.000Z","updated_at":"2024-02-27T12:15:41.000Z"},{"id":145,"name":"Royal United Hospital – Bath","unique_id":"HOS141","about1":"","about2":"","about3":"","about4":"","about5":"","address1":"","address2":"Combe Park, Bath BA1 3NG","postcode":"BA1 3NG","county":"England","town":"","mobile":"","email":"","status":"1","created_at":"2024-02-27T12:09:23.000Z","updated_at":"2024-02-27T12:15:41.000Z"},{"id":117,"name":"Rush Green Hospital","unique_id":"HOS113","about1":"","about2":"","about3":"","about4":"","about5":"","address1":"","address2":"Beehive Lane, Romford, Havering RM7 0AE","postcode":"RM7 0AE","county":"England","town":"","mobile":"","email":"","status":"1","created_at":"2024-02-27T12:09:23.000Z","updated_at":"2024-02-27T12:15:41.000Z"},{"id":144,"name":"Salisbury District Hospital – Salisbury","unique_id":"HOS140","about1":"","about2":"","about3":"","about4":"","about5":"","address1":"","address2":"Odstock Road, Salisbury SP2 8BJ","postcode":"SP2 8BJ","county":"England","town":"","mobile":"","email":"","status":"1","created_at":"2024-02-27T12:09:23.000Z","updated_at":"2024-02-27T12:15:41.000Z"},{"id":133,"name":"SASH Surrey and Sussex Healthcare NHS Trust – Redhill","unique_id":"HOS129","about1":"","about2":"","about3":"","about4":"","about5":"","address1":"","address2":"Redhill RH1 5RH","postcode":"RH1 5RH","county":"England","town":"","mobile":"","email":"","status":"1","created_at":"2024-02-27T12:09:23.000Z","updated_at":"2024-02-27T12:15:41.000Z"},{"id":140,"name":"Southampton General Hospital – Southampton","unique_id":"HOS136","about1":"","about2":"","about3":"","about4":"","about5":"","address1":"","address2":"Tremona Road, Southampton SO16 6YD","postcode":"SO16 6YD","county":"England","town":"","mobile":"","email":"","status":"1","created_at":"2024-02-27T12:09:23.000Z","updated_at":"2024-02-27T12:15:41.000Z"},{"id":120,"name":"Southend Hospital – Westcliff-on-Sea, Essex","unique_id":"HOS116","about1":"","about2":"","about3":"","about4":"","about5":"","address1":"","address2":"Prittlewell Chase, Westcliff-on-Sea, Essex","postcode":"SS0 0RY","county":"England","town":"","mobile":"","email":"","status":"1","created_at":"2024-02-27T12:09:23.000Z","updated_at":"2024-02-27T12:15:41.000Z"},{"id":79,"name":"Southend University Hospital – Westcliff-on-Sea, Essex","unique_id":"HOS75","about1":"","about2":"","about3":"","about4":"","about5":"","address1":"","address2":"Prittlewell Chase, Westcliff-on-Sea","postcode":"SS0 0RY","county":"England","town":"","mobile":"","email":"","status":"1","created_at":"2024-02-27T12:09:22.000Z","updated_at":"2024-02-27T12:15:41.000Z"},{"id":143,"name":"Southern Health NHS Foundation Trust – Southampton","unique_id":"HOS139","about1":"","about2":"","about3":"","about4":"","about5":"","address1":"","address2":"Tatchbury Mount, Tatchbury Lane, Calmore, Southampton SO40 2RZ","postcode":"SO40 2RZ","county":"England","town":"","mobile":"","email":"","status":"1","created_at":"2024-02-27T12:09:23.000Z","updated_at":"2024-02-27T12:15:41.000Z"},{"id":121,"name":"Spire London East Hospital – Redbridge","unique_id":"HOS117","about1":"","about2":"","about3":"","about4":"","about5":"","address1":"","address2":"Roding Lane South, Redbridge IG4 5PZ","postcode":"IG4 5PZ","county":"England","town":"","mobile":"","email":"","status":"1","created_at":"2024-02-27T12:09:23.000Z","updated_at":"2024-02-27T12:15:41.000Z"},{"id":74,"name":"St Albans City Hospital – St Albans, Hertfordshire","unique_id":"HOS70","about1":"","about2":"","about3":"","about4":"","about5":"","address1":"","address2":"Waverley Road, St Albans","postcode":"AL3 5PN","county":"England","town":"","mobile":"","email":"","status":"1","created_at":"2024-02-27T12:09:22.000Z","updated_at":"2024-02-27T12:15:41.000Z"},{"id":75,"name":"St Andrew's Healthcare – Basildon, Essex","unique_id":"HOS71","about1":"","about2":"","about3":"","about4":"","about5":"","address1":"","address2":"St Andrew's Road South, Basildon, Essex","postcode":"SS13 2HD","county":"England","town":"","mobile":"","email":"","status":"1","created_at":"2024-02-27T12:09:22.000Z","updated_at":"2024-02-27T12:15:41.000Z"},{"id":38,"name":"St Andrew's Hospital (independent) – Northampton","unique_id":"HOS34","about1":"","about2":"","about3":"","about4":"","about5":"","address1":"","address2":"Cliftonville Road, Northampton","postcode":"NN1 5DG","county":"England","town":"","mobile":"","email":"","status":"1","created_at":"2024-02-27T12:09:22.000Z","updated_at":"2024-02-27T12:15:41.000Z"},{"id":98,"name":"St Ann's Hospital – Harringay","unique_id":"HOS94","about1":"","about2":"","about3":"","about4":"","about5":"","address1":"","address2":"St Ann's Road, Harringay, London N15 3TH","postcode":"N15 3TH","county":"England","town":"","mobile":"","email":"","status":"1","created_at":"2024-02-27T12:09:22.000Z","updated_at":"2024-02-27T12:15:41.000Z"},{"id":118,"name":"St Bartholomew's Hospital, London","unique_id":"HOS114","about1":"","about2":"","about3":"","about4":"","about5":"","address1":"","address2":"West Smithfield, London EC1A 7BE","postcode":"EC1A 7BE","county":"England","town":"","mobile":"","email":"","status":"1","created_at":"2024-02-27T12:09:23.000Z","updated_at":"2024-02-27T12:15:41.000Z"},{"id":134,"name":"St Catherine's Hospice – Crawley","unique_id":"HOS130","about1":"","about2":"","about3":"","about4":"","about5":"","address1":"","address2":"Malthouse Road, Crawley RH10 6BH","postcode":"RH10 6BH","county":"England","town":"","mobile":"","email":"","status":"1","created_at":"2024-02-27T12:09:23.000Z","updated_at":"2024-02-27T12:15:41.000Z"},{"id":107,"name":"St Leonard's Hospital – Hackney, London","unique_id":"HOS103","about1":"","about2":"","about3":"","about4":"","about5":"","address1":"","address2":"Nuttall Street, London N1 5LZ","postcode":"N1 5LZ","county":"England","town":"","mobile":"","email":"","status":"1","created_at":"2024-02-27T12:09:23.000Z","updated_at":"2024-02-27T12:15:41.000Z"},{"id":119,"name":"St Luke's Hospital – Canning Town, London","unique_id":"HOS115","about1":"","about2":"","about3":"","about4":"","about5":"","address1":"","address2":"Newham Way, Canning Town, London E16 1HP","postcode":"E16 1HP","county":"England","town":"","mobile":"","email":"","status":"1","created_at":"2024-02-27T12:09:23.000Z","updated_at":"2024-02-27T12:15:41.000Z"},{"id":92,"name":"St Lukes Hospital – Muswell Hill","unique_id":"HOS88","about1":"","about2":"","about3":"","about4":"","about5":"","address1":"","address2":"Muswell Hill Road, London N10 3HU","postcode":"N10 3HU","county":"England","town":"","mobile":"","email":"","status":"1","created_at":"2024-02-27T12:09:22.000Z","updated_at":"2024-02-27T12:15:41.000Z"},{"id":76,"name":"St Margaret's Hospital, Epping – Epping, Essex","unique_id":"HOS72","about1":"","about2":"","about3":"","about4":"","about5":"","address1":"","address2":"The Plain, Epping, Essex","postcode":"CM16 6TN","county":"England","town":"","mobile":"","email":"","status":"1","created_at":"2024-02-27T12:09:22.000Z","updated_at":"2024-02-27T12:15:41.000Z"},{"id":39,"name":"St Mary's Hospital – Kettering","unique_id":"HOS35","about1":"","about2":"","about3":"","about4":"","about5":"","address1":"","address2":"London Road, Kettering","postcode":"NN15 7PW","county":"England","town":"","mobile":"","email":"","status":"1","created_at":"2024-02-27T12:09:22.000Z","updated_at":"2024-02-27T12:15:41.000Z"},{"id":124,"name":"St Mary's Hospital – Portsmouth","unique_id":"HOS120","about1":"","about2":"","about3":"","about4":"","about5":"","address1":"","address2":"Milton Road, Portsmouth PO3 6AD","postcode":"PO3 6AD","county":"England","town":"","mobile":"","email":"","status":"1","created_at":"2024-02-27T12:09:23.000Z","updated_at":"2024-02-27T12:15:41.000Z"},{"id":40,"name":"St Oswald's Hospital – Ashbourne, Derbyshire","unique_id":"HOS36","about1":"","about2":"","about3":"","about4":"","about5":"","address1":"","address2":"Clifton Road, Ashbourne, Derbyshire","postcode":"DE6 1DR","county":"England","town":"","mobile":"","email":"","status":"1","created_at":"2024-02-27T12:09:22.000Z","updated_at":"2024-02-27T12:15:41.000Z"},{"id":99,"name":"St Pancras Hospital – St Pancras, London","unique_id":"HOS95","about1":"","about2":"","about3":"","about4":"","about5":"","address1":"","address2":"4 St Pancras Way, London NW1 0PE","postcode":"NW1 0PE","county":"England","town":"","mobile":"","email":"","status":"1","created_at":"2024-02-27T12:09:22.000Z","updated_at":"2024-02-27T12:15:41.000Z"},{"id":77,"name":"St Peter's Hospital, Maldon, Essex","unique_id":"HOS73","about1":"","about2":"","about3":"","about4":"","about5":"","address1":"","address2":"Spital Road, Maldon, Essex","postcode":"CM9 6EG","county":"England","town":"","mobile":"","email":"","status":"1","created_at":"2024-02-27T12:09:22.000Z","updated_at":"2024-02-27T12:15:41.000Z"},{"id":125,"name":"St Richard's Hospital – Chichester","unique_id":"HOS121","about1":"","about2":"","about3":"","about4":"","about5":"","address1":"","address2":"Spitalfield Lane, Chichester PO19 6SE","postcode":"PO19 6SE","county":"England","town":"","mobile":"","email":"","status":"1","created_at":"2024-02-27T12:09:23.000Z","updated_at":"2024-02-27T12:15:41.000Z"},{"id":78,"name":"Stamford and Rutland Hospital – Stamford, Lincolnshire","unique_id":"HOS74","about1":"","about2":"","about3":"","about4":"","about5":"","address1":"","address2":"Ryhall Road, Stamford, Lincolnshire","postcode":"PE9 1UA","county":"England","town":"","mobile":"","email":"","status":"1","created_at":"2024-02-27T12:09:22.000Z","updated_at":"2024-02-27T12:15:41.000Z"},{"id":162,"name":"Telford and Wrekin Clinical Commissioning Group (CCG) – Telford","unique_id":"HOS158","about1":"","about2":"","about3":"","about4":"","about5":"","address1":"","address2":"Halesfield 6, Telford TF7 4BF","postcode":"TF7 4BF","county":"England","town":"","mobile":"","email":"","status":"1","created_at":"2024-02-27T12:09:23.000Z","updated_at":"2024-02-27T12:15:41.000Z"},{"id":161,"name":"Telford and Wrekin Community Healthcare – Telford","unique_id":"HOS157","about1":"","about2":"","about3":"","about4":"","about5":"","address1":"","address2":"Princess Royal Hospital, Apley Castle, Grainger Drive, Telford TF1 6TF","postcode":"TF1 6TF","county":"England","town":"","mobile":"","email":"","status":"1","created_at":"2024-02-27T12:09:23.000Z","updated_at":"2024-02-27T12:15:41.000Z"},{"id":95,"name":"The Priory Hospital – Southgate (independent)","unique_id":"HOS91","about1":"","about2":"","about3":"","about4":"","about5":"","address1":"","address2":"Grovelands House, The Bourne, Southgate, London N14 6RA","postcode":"N14 6RA","county":"England","town":"","mobile":"","email":"","status":"1","created_at":"2024-02-27T12:09:22.000Z","updated_at":"2024-02-27T12:15:41.000Z"},{"id":72,"name":"The Rosie Hospital – Cambridge","unique_id":"HOS68","about1":"","about2":"","about3":"","about4":"","about5":"","address1":"","address2":"Robinson Way, Cambridge","postcode":"CB2 0SR","county":"England","town":"","mobile":"","email":"","status":"1","created_at":"2024-02-27T12:09:22.000Z","updated_at":"2024-02-27T12:15:41.000Z"},{"id":137,"name":"The Royal Bournemouth Hospital – Bournemouth","unique_id":"HOS133","about1":"","about2":"","about3":"","about4":"","about5":"","address1":"","address2":"Castle Lane East, Bournemouth BH7 7DW","postcode":"BH7 7DW","county":"England","town":"","mobile":"","email":"","status":"1","created_at":"2024-02-27T12:09:23.000Z","updated_at":"2024-02-27T12:15:41.000Z"},{"id":154,"name":"Torbay Hospital – Torquay","unique_id":"HOS150","about1":"","about2":"","about3":"","about4":"","about5":"","address1":"","address2":"Lowes Bridge, Torquay TQ2 7AA","postcode":"TQ2 7AA","county":"England","town":"","mobile":"","email":"","status":"1","created_at":"2024-02-27T12:09:23.000Z","updated_at":"2024-02-27T12:15:41.000Z"},{"id":100,"name":"University College Hospital – Bloomsbury","unique_id":"HOS96","about1":"","about2":"","about3":"","about4":"","about5":"","address1":"","address2":"235 Euston Road, London NW1 2BU","postcode":"NW1 2BU","county":"England","town":"","mobile":"","email":"","status":"1","created_at":"2024-02-27T12:09:22.000Z","updated_at":"2024-02-27T12:15:41.000Z"},{"id":156,"name":"University Hospital Southampton NHS Foundation Trust – Southampton","unique_id":"HOS152","about1":"","about2":"","about3":"","about4":"","about5":"","address1":"","address2":"Tremona Road, Southampton SO16 6YD","postcode":"SO16 6YD","county":"England","town":"","mobile":"","email":"","status":"1","created_at":"2024-02-27T12:09:23.000Z","updated_at":"2024-02-27T12:15:41.000Z"},{"id":80,"name":"Violet Hill Hospital – Stowmarket, Suffolk","unique_id":"HOS76","about1":"","about2":"","about3":"","about4":"","about5":"","address1":"","address2":"Violet Hill Road, Stowmarket, Suffolk","postcode":"IP14 1NL","county":"England","town":"","mobile":"","email":"","status":"1","created_at":"2024-02-27T12:09:22.000Z","updated_at":"2024-02-27T12:15:41.000Z"},{"id":82,"name":"Watford General Hospital – Watford, Hertfordshire","unique_id":"HOS78","about1":"","about2":"","about3":"","about4":"","about5":"","address1":"","address2":"Vicarage Road, Watford, Hertfordshire","postcode":"WD18 0HB","county":"England","town":"","mobile":"","email":"","status":"1","created_at":"2024-02-27T12:09:22.000Z","updated_at":"2024-02-27T12:15:41.000Z"},{"id":101,"name":"Wellington Hospital – St John's Wood (independent)","unique_id":"HOS97","about1":"","about2":"","about3":"","about4":"","about5":"","address1":"","address2":"Wellington Place, London NW8 9LE","postcode":"NW8 9LE","county":"England","town":"","mobile":"","email":"","status":"1","created_at":"2024-02-27T12:09:23.000Z","updated_at":"2024-02-27T12:15:41.000Z"},{"id":81,"name":"West Suffolk Hospital – Bury St Edmunds, Suffolk","unique_id":"HOS77","about1":"","about2":"","about3":"","about4":"","about5":"","address1":"","address2":"Hardwick Lane, Bury St Edmunds, Suffolk","postcode":"IP33 2QZ","county":"England","town":"","mobile":"","email":"","status":"1","created_at":"2024-02-27T12:09:22.000Z","updated_at":"2024-02-27T12:15:41.000Z"},{"id":146,"name":"Weston General Hospital – Weston-super-Mare","unique_id":"HOS142","about1":"","about2":"","about3":"","about4":"","about5":"","address1":"","address2":"Grange Road, Uphill, Weston-super-Mare BS23 4TQ","postcode":"BS23 4TQ","county":"England","town":"","mobile":"","email":"","status":"1","created_at":"2024-02-27T12:09:23.000Z","updated_at":"2024-02-27T12:15:41.000Z"},{"id":122,"name":"Whipps Cross University Hospital – Leytonstone, London","unique_id":"HOS118","about1":"","about2":"","about3":"","about4":"","about5":"","address1":"","address2":"Whipps Cross Road, Leytonstone, London E11 1NR","postcode":"E11 1NR","county":"England","town":"","mobile":"","email":"","status":"1","created_at":"2024-02-27T12:09:23.000Z","updated_at":"2024-02-27T12:15:41.000Z"},{"id":102,"name":"Whittington Hospital – Highgate","u100  71521 100  71521   0      0  64230      0   00:01   00:01          45500100  71521 100  71521   0      0  64186      0   00:01   00:01          45500100  71521 100  71521   0      0  64152      0   00:01   00:01          45500
nique_id":"HOS98","about1":"","about2":"","about3":"","about4":"","about5":"","address1":"","address2":"Magdala Avenue, Highgate Hill, London N19 5NF","postcode":"N19 5NF","county":"England","town":"","mobile":"","email":"","status":"1","created_at":"2024-02-27T12:09:23.000Z","updated_at":"2024-02-27T12:15:41.000Z"},{"id":41,"name":"Whitworth Hospital – Matlock, Derbyshire","unique_id":"HOS37","about1":"","about2":"","about3":"","about4":"","about5":"","address1":"","address2":"Butts Road, Darley Dale, Matlock, Derbyshire","postcode":"DE4 2LY","county":"England","town":"","mobile":"","email":"","status":"1","created_at":"2024-02-27T12:09:22.000Z","updated_at":"2024-02-27T12:15:41.000Z"},{"id":159,"name":"Worcestershire Acute Hospitals NHS Trust – Worcester","unique_id":"HOS155","about1":"","about2":"","about3":"","about4":"","about5":"","address1":"","address2":"Worcester Royal Hospital, Charles Hastings Way, Worcester WR5 1DD","postcode":"WR5 1DD","county":"England","town":"","mobile":"","email":"","status":"1","created_at":"2024-02-27T12:09:23.000Z","updated_at":"2024-02-27T12:15:41.000Z"},{"id":126,"name":"Worthing Hospital – Worthing","unique_id":"HOS122","about1":"","about2":"","about3":"","about4":"","about5":"","address1":"","address2":"Lyndhurst Road, Worthing BN11 2DH","postcode":"BN11 2DH","county":"England","town":"","mobile":"","email":"","status":"1","created_at":"2024-02-27T12:09:23.000Z","updated_at":"2024-02-27T12:15:41.000Z"},{"id":158,"name":"Wye Valley NHS Trust – Herefordshire","unique_id":"HOS154","about1":"","about2":"","about3":"","about4":"","about5":"","address1":"","address2":"Hereford County Hospital, County Hospital Union Walk, Hereford HR1 2ER","postcode":"HR1 2ER","county":"England","town":"","mobile":"","email":"","status":"1","created_at":"2024-02-27T12:09:23.000Z","updated_at":"2024-02-27T12:15:41.000Z"},{"id":147,"name":"Yeovil District Hospital – Yeovil","unique_id":"HOS143","about1":"","about2":"","about3":"","about4":"","about5":"","address1":"","address2":"Higher Kingston, Yeovil BA21 4AT","postcode":"BA21 4AT","county":"England","town":"","mobile":"","email":"","status":"1","created_at":"2024-02-27T12:09:23.000Z","updated_at":"2024-02-27T12:15:41.000Z"}]}